# Mach number,CP (IREC_ORK1.0) (in),CNα (IREC_ORK1.0) (​),Total CD (IREC_ORK1.0) (​)
0,103.39,11.93,1.83
0.03,103.4,11.93,0.55
0.05,103.4,11.94,0.49
0.08,103.41,11.94,0.47
0.1,103.43,11.95,0.45
0.13,103.44,11.96,0.44
0.15,103.46,11.97,0.43
0.18,103.49,11.99,0.42
0.2,103.52,12,0.41
0.23,103.55,12.02,0.41
0.25,103.59,12.04,0.41
0.28,103.63,12.07,0.4
0.3,103.68,12.09,0.4
0.33,103.73,12.12,0.4
0.35,103.78,12.15,0.4
0.38,103.84,12.19,0.4
0.4,103.91,12.23,0.39
0.43,103.98,12.27,0.39
0.45,104.05,12.31,0.39
0.48,104.13,12.36,0.39
0.5,104.21,12.41,0.39
0.53,104.3,12.46,0.4
0.55,104.41,12.52,0.4
0.58,104.52,12.58,0.4
0.6,104.65,12.64,0.4
0.63,104.79,12.71,0.4
0.65,104.94,12.79,0.4
0.68,105.1,12.87,0.41
0.7,105.28,12.95,0.41
0.73,105.46,13.04,0.41
0.75,105.65,13.14,0.41
0.78,105.85,13.24,0.42
0.8,106.07,13.35,0.42
0.83,106.29,13.47,0.43
0.85,106.52,13.59,0.44
0.88,106.76,13.73,0.44
0.9,107.02,13.87,0.45
0.93,107.28,14.03,0.46
0.95,107.55,14.18,0.46
0.98,107.8,14.34,0.47
1,108.05,14.5,0.47
1.03,108.28,14.64,0.48
1.05,108.49,14.77,0.49
1.08,108.67,14.89,0.49
1.1,108.82,14.98,0.49
1.13,108.95,15.05,0.49
1.15,109.03,15.09,0.48
1.18,109.08,15.1,0.48
1.2,109.09,15.07,0.48
1.23,109.05,15.01,0.48
1.25,108.97,14.92,0.47
1.28,108.84,14.78,0.47
1.3,108.67,14.61,0.47
1.33,108.45,14.4,0.47
1.35,108.17,14.17,0.46
1.38,107.85,13.9,0.46
1.4,107.48,13.6,0.46
1.43,107.07,13.29,0.46
1.45,106.63,12.96,0.45
1.48,106.16,12.63,0.45
1.5,105.67,12.3,0.45
1.53,105.25,12.01,0.44
1.55,104.79,11.73,0.44
1.58,104.32,11.45,0.44
1.6,103.82,11.16,0.43
1.63,103.41,10.94,0.43
1.65,102.98,10.72,0.43
1.68,102.54,10.5,0.43
1.7,102.07,10.28,0.42
1.73,101.68,10.1,0.42
1.75,101.27,9.92,0.42
1.78,100.85,9.74,0.41
1.8,100.41,9.56,0.41
1.83,100.03,9.41,0.41
1.85,99.64,9.26,0.4
1.88,99.24,9.12,0.4
1.9,98.83,8.97,0.4
1.93,98.46,8.84,0.4
1.95,98.09,8.72,0.39
1.98,97.71,8.59,0.39
2,97.31,8.46,0.39
2.03,96.96,8.36,0.39
2.05,96.6,8.25,0.38
2.08,96.23,8.14,0.38
2.1,95.85,8.03,0.38
2.13,95.51,7.94,0.38
2.15,95.17,7.84,0.38
2.18,94.81,7.75,0.37
2.2,94.44,7.65,0.37
2.23,94.11,7.57,0.37
2.25,93.78,7.49,0.37
2.28,93.43,7.4,0.37
2.3,93.08,7.32,0.36
2.33,92.76,7.25,0.36
2.35,92.43,7.17,0.36
2.38,92.1,7.1,0.36
2.4,91.76,7.03,0.36
2.43,91.44,6.96,0.35
2.45,91.12,6.89,0.35
2.48,90.8,6.83,0.35
2.5,90.47,6.76,0.35
2.53,90.16,6.7,0.35
2.55,89.85,6.64,0.35
2.58,89.54,6.58,0.34
2.6,89.22,6.52,0.34
2.63,88.92,6.47,0.34
2.65,88.62,6.41,0.34
2.68,88.31,6.36,0.34
2.7,88,6.31,0.34
2.73,87.71,6.26,0.33
2.75,87.41,6.21,0.33
2.78,87.11,6.16,0.33
2.8,86.81,6.11,0.33
2.83,86.52,6.06,0.33
2.85,86.24,6.02,0.33
2.88,85.94,5.97,0.32
2.9,85.65,5.93,0.32
2.93,85.37,5.88,0.32
2.95,85.09,5.84,0.32
2.98,84.8,5.8,0.32
3,84.51,5.76,0.32
